Workbook

Sheet Cover
A1: CMMC Level 2 Assessment Platform
A3: Readiness, evidence, POA&M, SSP mapping, and SPRS assessment workbook
B6: Organization Name
B7: Assessment Scope
B8: CAGE Code
B9: Assessment Type | C9: Level 2 Self-Assessment
B10: Assessment Date
B11: Lead Assessor
B12: Workbook Version | C12: 0.1
B13: Assessment Guide | C13: Level 2 Version 2.13
B16: Instructions
B17: Complete the organization metadata above, then use the Assessment worksheet to evaluate all 110 CMMC Level 2 requirements. Yellow cells are intended for user input. Gray cells contain formulas or system-generated values.

Sheet Dashboard
A1: Executive Dashboard
A3: Assessment readiness and compliance summary
B6: Current Score | E6: Requirements Met | H6: Requirements Not Met | K6: Not Assessed
B7: =110-SUM(Assessment!J6:J115) | E7: =COUNTIF(Assessment!H6:H115,"MET") | H7: =COUNTIF(Assessment!H6:H115,"NOT MET") | K7: =COUNTIF(Assessment!H6:H115,"NOT ASSESSED")
B12: Assessment Completion | C12: =IFERROR((COUNTIF(Assessment!H6:H115,"MET")+COUNTIF(Assessment!H6:H115,"NOT MET")+COUNTIF(Assessment!H6:H115,"NOT APPLICABLE"))/110,0) | E12: Evidence Complete | F12: =COUNTIF(Assessment!K6:K115,"Complete") | H12: POA&M Items | I12: =COUNTIF(Assessment!O6:O115,"Yes")

Sheet Assessment
A1: CMMC Level 2 Requirement Assessment
A3: Complete status, evidence, ownership, SSP mapping, and assessor notes for all 110 requirements.
A5: Domain | B5: Requirement ID | C5: Title | D5: Requirement Statement | E5: Source Start | F5: Source End | G5: Applicable | H5: Status | I5: Deduction | J5: Lost Points | K5: Evidence Status | L5: Control Owner | M5: SSP Reference | N5: Assessor Notes | O5: POA&M Required
A6: AC | B6: AC.L2-3.1.1 | C6: Authorized Access Control [CUI Data] | D6: Limit system access to authorized users, processes acting on behalf of authorized users, and devices (including other systems). | E6: 22 | F6: 24 | G6: Yes | H6: NOT ASSESSED | I6: 1 | J6: =IF(OR(H6="MET",H6="NOT APPLICABLE"),0,IF(H6="NOT MET",I6,0)) | K6: Not Started | O6: =IF(H6="NOT MET","Yes","No")
A7: AC | B7: AC.L2-3.1.2 | C7: Transaction & Function Control | D7: Limit system access to the types of transactions and functions that authorized users are permitted to execute. | E7: 25 | F7: 26 | G7: Yes | H7: NOT ASSESSED | I7: 1 | J7: =IF(OR(H7="MET",H7="NOT APPLICABLE"),0,IF(H7="NOT MET",I7,0)) | K7: Not Started | O7: =IF(H7="NOT MET","Yes","No")
A8: AC | B8: AC.L2-3.1.3 | C8: Control CUI Flow | D8: Control the flow of CUI in accordance with approved authorizations. | E8: 27 | F8: 29 | G8: Yes | H8: NOT ASSESSED | I8: 1 | J8: =IF(OR(H8="MET",H8="NOT APPLICABLE"),0,IF(H8="NOT MET",I8,0)) | K8: Not Started | O8: =IF(H8="NOT MET","Yes","No")
A9: AC | B9: AC.L2-3.1.4 | C9: Separation of Duties | D9: Separate the duties of individuals to reduce the risk of malevolent activity without collusion. | E9: 30 | F9: 31 | G9: Yes | H9: NOT ASSESSED | I9: 1 | J9: =IF(OR(H9="MET",H9="NOT APPLICABLE"),0,IF(H9="NOT MET",I9,0)) | K9: Not Started | O9: =IF(H9="NOT MET","Yes","No")
A10: AC | B10: AC.L2-3.1.5 | C10: Least Privilege | D10: Employ the principle of least privilege, including for specific security functions and privileged accounts. | E10: 32 | F10: 34 | G10: Yes | H10: NOT ASSESSED | I10: 1 | J10: =IF(OR(H10="MET",H10="NOT APPLICABLE"),0,IF(H10="NOT MET",I10,0)) | K10: Not Started | O10: =IF(H10="NOT MET","Yes","No")
A11: AC | B11: AC.L2-3.1.6 | C11: Non-Privileged Account Use | D11: Use non-privileged accounts or roles when accessing nonsecurity functions. | E11: 35 | F11: 36 | G11: Yes | H11: NOT ASSESSED | I11: 1 | J11: =IF(OR(H11="MET",H11="NOT APPLICABLE"),0,IF(H11="NOT MET",I11,0)) | K11: Not Started | O11: =IF(H11="NOT MET","Yes","No")
A12: AC | B12: AC.L2-3.1.7 | C12: Privileged Functions | D12: Prevent non-privileged users from executing privileged functions and capture the execution of such functions in audit logs. | E12: 37 | F12: 39 | G12: Yes | H12: NOT ASSESSED | I12: 1 | J12: =IF(OR(H12="MET",H12="NOT APPLICABLE"),0,IF(H12="NOT MET",I12,0)) | K12: Not Started | O12: =IF(H12="NOT MET","Yes","No")
A13: AC | B13: AC.L2-3.1.8 | C13: Unsuccessful Logon Attempts | D13: Limit unsuccessful logon attempts. | E13: 40 | F13: 41 | G13: Yes | H13: NOT ASSESSED | I13: 1 | J13: =IF(OR(H13="MET",H13="NOT APPLICABLE"),0,IF(H13="NOT MET",I13,0)) | K13: Not Started | O13: =IF(H13="NOT MET","Yes","No")
A14: AC | B14: AC.L2-3.1.9 | C14: Privacy & Security Notices | D14: Provide privacy and security notices consistent with applicable CUI rules. | E14: 42 | F14: 43 | G14: Yes | H14: NOT ASSESSED | I14: 1 | J14: =IF(OR(H14="MET",H14="NOT APPLICABLE"),0,IF(H14="NOT MET",I14,0)) | K14: Not Started | O14: =IF(H14="NOT MET","Yes","No")
A15: AC | B15: AC.L2-3.1.10 | C15: Session Lock | D15: Use session lock with pattern- hiding displays to prevent access and viewing of data after a period of inactivity. | E15: 44 | F15: 45 | G15: Yes | H15: NOT ASSESSED | I15: 1 | J15: =IF(OR(H15="MET",H15="NOT APPLICABLE"),0,IF(H15="NOT MET",I15,0)) | K15: Not Started | O15: =IF(H15="NOT MET","Yes","No")
A16: AC | B16: AC.L2-3.1.11 | C16: Session Termination | D16: Terminate (automatically) a user session after a defined condition. | E16: 46 | F16: 47 | G16: Yes | H16: NOT ASSESSED | I16: 1 | J16: =IF(OR(H16="MET",H16="NOT APPLICABLE"),0,IF(H16="NOT MET",I16,0)) | K16: Not Started | O16: =IF(H16="NOT MET","Yes","No")
A17: AC | B17: AC.L2-3.1.12 | C17: Control Remote Access | D17: Monitor and control remote access sessions. | E17: 48 | F17: 50 | G17: Yes | H17: NOT ASSESSED | I17: 1 | J17: =IF(OR(H17="MET",H17="NOT APPLICABLE"),0,IF(H17="NOT MET",I17,0)) | K17: Not Started | O17: =IF(H17="NOT MET","Yes","No")
... A115: SI | B115: SI.L2-3.14.7 | C115: Identify Unauthorized Use | D115: Identify unauthorized use of organizational systems. | E115: 269 | F115: 276 | G115: Yes | H115: NOT ASSESSED | I115: 1 | J115: =IF(OR(H115="MET",H115="NOT APPLICABLE"),0,IF(H115="NOT MET",I115,0)) | K115: Not Started | O115: =IF(H115="NOT MET","Yes","No")

Sheet Domain Summary
A1: Domain Summary
A3: Requirement completion and findings by CMMC domain
A5: Domain | B5: Requirement Count | C5: Met | D5: Not Met | E5: Not Assessed | F5: Lost Points | G5: Completion % | H5: Readiness
A6: AC | B6: =COUNTIF(Assessment!$A$6:$A$115,A6) | C6: =COUNTIFS(Assessment!$A$6:$A$115,A6,Assessment!$H$6:$H$115,"MET") | D6: =COUNTIFS(Assessment!$A$6:$A$115,A6,Assessment!$H$6:$H$115,"NOT MET") | E6: =COUNTIFS(Assessment!$A$6:$A$115,A6,Assessment!$H$6:$H$115,"NOT ASSESSED") | F6: =SUMIF(Assessment!$A$6:$A$115,A6,Assessment!$J$6:$J$115) | G6: =IF(B6=0,0,C6/B6) | H6: =IF(G6=1,"Ready",IF(G6>=0.8,"Near Ready","Needs Work"))
A7: AT | B7: =COUNTIF(Assessment!$A$6:$A$115,A7) | C7: =COUNTIFS(Assessment!$A$6:$A$115,A7,Assessment!$H$6:$H$115,"MET") | D7: =COUNTIFS(Assessment!$A$6:$A$115,A7,Assessment!$H$6:$H$115,"NOT MET") | E7: =COUNTIFS(Assessment!$A$6:$A$115,A7,Assessment!$H$6:$H$115,"NOT ASSESSED") | F7: =SUMIF(Assessment!$A$6:$A$115,A7,Assessment!$J$6:$J$115) | G7: =IF(B7=0,0,C7/B7) | H7: =IF(G7=1,"Ready",IF(G7>=0.8,"Near Ready","Needs Work"))
A8: AU | B8: =COUNTIF(Assessment!$A$6:$A$115,A8) | C8: =COUNTIFS(Assessment!$A$6:$A$115,A8,Assessment!$H$6:$H$115,"MET") | D8: =COUNTIFS(Assessment!$A$6:$A$115,A8,Assessment!$H$6:$H$115,"NOT MET") | E8: =COUNTIFS(Assessment!$A$6:$A$115,A8,Assessment!$H$6:$H$115,"NOT ASSESSED") | F8: =SUMIF(Assessment!$A$6:$A$115,A8,Assessment!$J$6:$J$115) | G8: =IF(B8=0,0,C8/B8) | H8: =IF(G8=1,"Ready",IF(G8>=0.8,"Near Ready","Needs Work"))
A9: CM | B9: =COUNTIF(Assessment!$A$6:$A$115,A9) | C9: =COUNTIFS(Assessment!$A$6:$A$115,A9,Assessment!$H$6:$H$115,"MET") | D9: =COUNTIFS(Assessment!$A$6:$A$115,A9,Assessment!$H$6:$H$115,"NOT MET") | E9: =COUNTIFS(Assessment!$A$6:$A$115,A9,Assessment!$H$6:$H$115,"NOT ASSESSED") | F9: =SUMIF(Assessment!$A$6:$A$115,A9,Assessment!$J$6:$J$115) | G9: =IF(B9=0,0,C9/B9) | H9: =IF(G9=1,"Ready",IF(G9>=0.8,"Near Ready","Needs Work"))
A10: IA | B10: =COUNTIF(Assessment!$A$6:$A$115,A10) | C10: =COUNTIFS(Assessment!$A$6:$A$115,A10,Assessment!$H$6:$H$115,"MET") | D10: =COUNTIFS(Assessment!$A$6:$A$115,A10,Assessment!$H$6:$H$115,"NOT MET") | E10: =COUNTIFS(Assessment!$A$6:$A$115,A10,Assessment!$H$6:$H$115,"NOT ASSESSED") | F10: =SUMIF(Assessment!$A$6:$A$115,A10,Assessment!$J$6:$J$115) | G10: =IF(B10=0,0,C10/B10) | H10: =IF(G10=1,"Ready",IF(G10>=0.8,"Near Ready","Needs Work"))
A11: IR | B11: =COUNTIF(Assessment!$A$6:$A$115,A11) | C11: =COUNTIFS(Assessment!$A$6:$A$115,A11,Assessment!$H$6:$H$115,"MET") | D11: =COUNTIFS(Assessment!$A$6:$A$115,A11,Assessment!$H$6:$H$115,"NOT MET") | E11: =COUNTIFS(Assessment!$A$6:$A$115,A11,Assessment!$H$6:$H$115,"NOT ASSESSED") | F11: =SUMIF(Assessment!$A$6:$A$115,A11,Assessment!$J$6:$J$115) | G11: =IF(B11=0,0,C11/B11) | H11: =IF(G11=1,"Ready",IF(G11>=0.8,"Near Ready","Needs Work"))
A12: MA | B12: =COUNTIF(Assessment!$A$6:$A$115,A12) | C12: =COUNTIFS(Assessment!$A$6:$A$115,A12,Assessment!$H$6:$H$115,"MET") | D12: =COUNTIFS(Assessment!$A$6:$A$115,A12,Assessment!$H$6:$H$115,"NOT MET") | E12: =COUNTIFS(Assessment!$A$6:$A$115,A12,Assessment!$H$6:$H$115,"NOT ASSESSED") | F12: =SUMIF(Assessment!$A$6:$A$115,A12,Assessment!$J$6:$J$115) | G12: =IF(B12=0,0,C12/B12) | H12: =IF(G12=1,"Ready",IF(G12>=0.8,"Near Ready","Needs Work"))
A13: MP | B13: =COUNTIF(Assessment!$A$6:$A$115,A13) | C13: =COUNTIFS(Assessment!$A$6:$A$115,A13,Assessment!$H$6:$H$115,"MET") | D13: =COUNTIFS(Assessment!$A$6:$A$115,A13,Assessment!$H$6:$H$115,"NOT MET") | E13: =COUNTIFS(Assessment!$A$6:$A$115,A13,Assessment!$H$6:$H$115,"NOT ASSESSED") | F13: =SUMIF(Assessment!$A$6:$A$115,A13,Assessment!$J$6:$J$115) | G13: =IF(B13=0,0,C13/B13) | H13: =IF(G13=1,"Ready",IF(G13>=0.8,"Near Ready","Needs Work"))
A14: PS | B14: =COUNTIF(Assessment!$A$6:$A$115,A14) | C14: =COUNTIFS(Assessment!$A$6:$A$115,A14,Assessment!$H$6:$H$115,"MET") | D14: =COUNTIFS(Assessment!$A$6:$A$115,A14,Assessment!$H$6:$H$115,"NOT MET") | E14: =COUNTIFS(Assessment!$A$6:$A$115,A14,Assessment!$H$6:$H$115,"NOT ASSESSED") | F14: =SUMIF(Assessment!$A$6:$A$115,A14,Assessment!$J$6:$J$115) | G14: =IF(B14=0,0,C14/B14) | H14: =IF(G14=1,"Ready",IF(G14>=0.8,"Near Ready","Needs Work"))
A15: PE | B15: =COUNTIF(Assessment!$A$6:$A$115,A15) | C15: =COUNTIFS(Assessment!$A$6:$A$115,A15,Assessment!$H$6:$H$115,"MET") | D15: =COUNTIFS(Assessment!$A$6:$A$115,A15,Assessment!$H$6:$H$115,"NOT MET") | E15: =COUNTIFS(Assessment!$A$6:$A$115,A15,Assessment!$H$6:$H$115,"NOT ASSESSED") | F15: =SUMIF(Assessment!$A$6:$A$115,A15,Assessment!$J$6:$J$115) | G15: =IF(B15=0,0,C15/B15) | H15: =IF(G15=1,"Ready",IF(G15>=0.8,"Near Ready","Needs Work"))
A16: RA | B16: =COUNTIF(Assessment!$A$6:$A$115,A16) | C16: =COUNTIFS(Assessment!$A$6:$A$115,A16,Assessment!$H$6:$H$115,"MET") | D16: =COUNTIFS(Assessment!$A$6:$A$115,A16,Assessment!$H$6:$H$115,"NOT MET") | E16: =COUNTIFS(Assessment!$A$6:$A$115,A16,Assessment!$H$6:$H$115,"NOT ASSESSED") | F16: =SUMIF(Assessment!$A$6:$A$115,A16,Assessment!$J$6:$J$115) | G16: =IF(B16=0,0,C16/B16) | H16: =IF(G16=1,"Ready",IF(G16>=0.8,"Near Ready","Needs Work"))
A17: CA | B17: =COUNTIF(Assessment!$A$6:$A$115,A17) | C17: =COUNTIFS(Assessment!$A$6:$A$115,A17,Assessment!$H$6:$H$115,"MET") | D17: =COUNTIFS(Assessment!$A$6:$A$115,A17,Assessment!$H$6:$H$115,"NOT MET") | E17: =COUNTIFS(Assessment!$A$6:$A$115,A17,Assessment!$H$6:$H$115,"NOT ASSESSED") | F17: =SUMIF(Assessment!$A$6:$A$115,A17,Assessment!$J$6:$J$115) | G17: =IF(B17=0,0,C17/B17) | H17: =IF(G17=1,"Ready",IF(G17>=0.8,"Near Ready","Needs Work"))
... A19: SI | B19: =COUNTIF(Assessment!$A$6:$A$115,A19) | C19: =COUNTIFS(Assessment!$A$6:$A$115,A19,Assessment!$H$6:$H$115,"MET") | D19: =COUNTIFS(Assessment!$A$6:$A$115,A19,Assessment!$H$6:$H$115,"NOT MET") | E19: =COUNTIFS(Assessment!$A$6:$A$115,A19,Assessment!$H$6:$H$115,"NOT ASSESSED") | F19: =SUMIF(Assessment!$A$6:$A$115,A19,Assessment!$J$6:$J$115) | G19: =IF(B19=0,0,C19/B19) | H19: =IF(G19=1,"Ready",IF(G19>=0.8,"Near Ready","Needs Work"))

Sheet Evidence
A1: Evidence Register
A3: Track documents, configurations, interviews, tests, screenshots, and supporting evidence.
B6: This module will be implemented in the next workbook sprint.

Sheet POA&M
A1: Plan of Action & Milestones
A3: Track remediation actions for requirements assessed as NOT MET.
B6: This module will be implemented in the next workbook sprint.

Sheet SSP Crosswalk
A1: SSP Crosswalk
A3: Map CMMC requirements to System Security Plan sections, policies, procedures, and owners.
B6: This module will be implemented in the next workbook sprint.

Sheet Assessment History
A1: Assessment History
A3: Store assessment snapshots and track score and readiness trends.
B6: This module will be implemented in the next workbook sprint.

Sheet Executive Report
A1: Executive Report
A3: Printable management summary of assessment results, risks, and remediation priorities.
B6: This module will be implemented in the next workbook sprint.

Sheet Settings
A1: Workbook Settings
A3: Organization-level configuration and workbook metadata
B6: Workbook Version | C6: 0.1
B7: Assessment Guide Version | C7: 2.13
B8: Maximum SPRS Score | C8: 110
B9: Minimum SPRS Score | C9: -203
B10: Assessment Level | C10: CMMC Level 2
B11: Workbook Generated By | C11: CMMC Assessment Platform

Sheet _Lists
A1: Assessment Status | B1: Evidence Status | C1: Yes / No
A2: MET | B2: Not Started | C2: Yes
A3: NOT MET | B3: In Progress | C3: No
A4: NOT APPLICABLE | B4: Complete
A5: NOT ASSESSED | B5: Not Applicable
